Histórico, Tendencia: UNIDAD 1

Fecha;KPH;CLEX;CLEY;CLAX;CLAY
2024/12/12 13:12:08;899,673667475525;34,73846923070449;32,34341661760713;24,346998580572773;20,123116122760308
2024/12/12 13:12:09;899,673667475525;34,70919978728398;32,50085618571194;24,50000804651514;20,27281792533738
2024/12/12 13:12:10;899,5983935742972;34,880575807545064;32,350894545458615;23,87527472413497;20,709024067733367
2024/12/12 13:12:11;899,673667475525;34,64197417161258;32,428697282142814;23,624697116902958;20,044266968212774
2024/12/12 13:12:12;899,673667475525;35,01876350137743;32,74931239980078;23,532924575060218;20,56240354221962
2024/12/12 13:12:13;899,7489539748954;34,74616156013875;33,111226819232854;23,394819126740856;20,927559061007774
2024/12/12 13:12:14;899,52313226805;34,60287288692591;32,86131742686002;23,930704418453875;19,648420707108897
2024/12/12 13:12:15;899,5404991440671;34,70856300562697;32,415106202521116;23,658712805674647;20,26466689202605
2024/12/12 13:12:16;899,4594594594595;34,79850614568651;32,51962977588367;24,226264349534066;20,650626701616844
2024/12/12 13:12:17;899,5983935742972;34,47324728881648;32,831455775920524;23,136450019664352;20,505420494020864
2024/12/12 13:12:18;899,5983935742972;34,78593031862882;32,450364951378056;23,984136394399396;20,811126603799757
2024/12/12 13:12:19;899,5983935742972;34,499953315659916;32,92271494121271;23,491722687303884;21,62979988388989
2024/12/12 13:12:20;899,5983935742972;34,95811192385672;33,11826405344633;24,172663999844364;19,372035480772983
2024/12/12 13:12:21;899,52313226805;34,84759123897742;33,03126041179265;23,72138509606474;20,391752570386842
2024/12/12 13:12:22;899,52313226805;34,62345563940409;32,50294248297044;23,730941781107504;20,72870639843604
2024/12/12 13:12:23;899,7489539748954;34,9213931315569;32,38442380690318;24,68310506860356;20,665622806051314
2024/12/12 13:12:24;899,7489539748954;34,99300214091825;32,765835606209585;24,027401033874458;20,888967005979655
2024/12/12 13:12:25;899,5983935742972;34,67866175912908;32,798367880959745;23,85166441104707;21,300400653293014
2024/12/12 13:12:26;899,4478835536221;34,88442952786504;32,93819190289879;23,5789620196093;20,21461701263766
2024/12/12 13:12:27;899,52313226805;34,6093204206516;33,841616225379624;22,54969673050223;20,055224896874197
2024/12/12 13:12:28;899,4478835536221;34,67659746854432;32,91244749451978;23,477599580164313;20,07552867818803
2024/12/12 13:12:29;899,5983935742972;34,53168246472975;32,57880134759452;23,670165242244774;21,4789189666906
2024/12/12 13:12:30;899,52313226805;34,47008787912376;32,93967560427783;23,5959620445713;20,70278480375862
2024/12/12 13:12:31;899,52313226805;34,482524209833926;32,74888985308121;23,496791630542297;19,91962479062662
2024/12/12 13:12:32;899,52313226805;34,94996157637214;33,15816870484847;23,586046782880462;19,90169083976998
2024/12/12 13:12:33;899,4478835536221;34,581577126920074;32,643660103918705;23,381246116101142;20,917107877042834
2024/12/12 13:12:34;899,4478835536221;34,40781764636896;32,063794119133966;23,96555374985561;21,484170162605608
2024/12/12 13:12:35;899,52313226805;34,635109104433;32,57016129285877;23,765890047607314;21,18558059799855
2024/12/12 13:12:36;899,5983935742972;34,73993129841947;32,85325700139426;23,813976303760963;20,795409320693448
2024/12/12 13:12:37;899,673667475525;34,29851484050526;32,969738920340845;23,613928504037286;20,687577007792928
2024/12/12 13:12:38;899,7489539748954;34,82991552030053;32,92386033181412;23,523484084367848;21,495520671069
2024/12/12 13:12:39;899,673667475525;34,33453889880939;33,00628485985824;23,662613646726978;21,66917217661807
2024/12/12 13:12:40;899,7489539748954;34,75103931476895;32,367703017453586;24,941442784427004;20,62382993416307
2024/12/12 13:12:41;899,7489539748954;34,8157945764769;33,14302796429846;23,16108245938554;20,47199717345128
2024/12/12 13:12:42;899,8242530755712;34,63292629612125;31,965716326614576;24,215529948410737;20,604469198935245
2024/12/12 13:12:43;899,8242530755712;34,59813649218451;32,76367077232392;24,03010737026118;20,299702192950555
2024/12/12 13:12:44;899,8242530755712;34,49474663856675;32,85625812494325;22,980897157663183;20,305622421976125
2024/12/12 13:12:45;899,8242530755712;34,753058037961566;33,118219799878105;23,84772614630703;20,717185585808092
2024/12/12 13:12:46;899,673667475525;34,59760796159744;32,42415672971085;24,58841833832995;20,70071390734184
2024/12/12 13:12:47;899,5983935742972;34,85657921690816;32,9069385362198;23,07062565712286;21,509536793450344
2024/12/12 13:12:48;899,673667475525;34,6577888707419;32,97578319048869;23,075329087440657;21,600952365412287
2024/12/12 13:12:49;899,673667475525;34,690117096680474;32,493577442389366;23,67035308396469;20,026609106670783
2024/12/12 13:12:50;899,7489539748954;34,67438426475196;32,83310085403069;23,651296775933748;20,35341532392144
2024/12/12 13:12:51;899,8242530755712;34,55650844775021;32,92465534298775;23,96107782212934;21,490824257964785
2024/12/12 13:12:52;899,8242530755712;34,83550463179958;32,968119066790685;22,84677260535947;20,027547992121196
2024/12/12 13:12:53;899,7489539748954;34,73012303861498;33,24508609833897;23,218701305151633;19,30213519163402
2024/12/12 13:12:54;899,5983935742972;34,44404930767468;32,768043962525034;23,634282350901447;20,851846797718505
2024/12/12 13:12:55;899,7489539748954;34,46989711750115;32,35909341840889;23,354536901198497;20,931859171633096
2024/12/12 13:12:56;899,8242530755712;34,60784167081438;32,89060504857475;23,42890451503831;20,910071193255654
2024/12/12 13:12:57;899,673667475525;34,67240654029503;32,629664963534296;23,90685888776509;20,708163933803153
2024/12/12 13:12:58;899,5983935742972;34,80392091025604;32,58610357616319;24,157345377504758;20,647397866404596
2024/12/12 13:12:59;899,5983935742972;34,632018683238364;33,2252374814724;22,912426356252357;19,78231132623341
2024/12/12 13:13:00;899,5983935742972;34,69162524001075;32,97322287518359;22,948845652164028;20,473376002069394
2024/12/12 13:13:01;899,5983935742972;34,732153787551574;32,51099760237273;24,642927947202928;20,31389227951936
2024/12/12 13:13:02;899,52313226805;35,09097527131611;32,65725971105961;23,478429961546308;20,491313803613043
2024/12/12 13:13:03;899,673667475525;34,5785594470991;32,87146675287197;23,049174618455343;20,40349859640373
2024/12/12 13:13:04;899,7489539748954;34,66834619034268;32,566494472619354;23,509289201314893;21,018965245403198
2024/12/12 13:13:05;899,7489539748954;34,84153176251293;32,859250493543826;23,127858695390955;20,960073866331953
2024/12/12 13:13:06;899,673667475525;35,01761746913091;32,96779630889477;24,170666123881894;19,759250230485982
2024/12/12 13:13:07;899,5983935742972;34,990606722196915;32,74398265685104;23,864243947632815;19,98772126050357
2024/12/12 13:13:08;899,52313226805;34,74143742539278;32,66826817648123;23,64162801790295;20,50098018122571
2024/12/12 13:13:09;899,4478835536221;34,375520639838804;32,64620628539428;23,010252006754722;21,53070310184617
2024/12/12 13:13:10;899,3726474278545;34,50453316443917;32,99275150271975;23,18528271378508;20,569856636528623
2024/12/12 13:13:11;899,3726474278545;34,91689318510476;32,76202081809278;23,664227576991347;19,994530253460027
2024/12/12 13:13:12;899,5983935742972;34,94330600692285;33,00815832724037;23,36413528332499;20,772136820743693
2024/12/12 13:13:13;899,5983935742972;34,36433325269489;32,89093309888771;23,57562661579131;21,41521637814793
2024/12/12 13:13:14;899,4478835536221;35,007844216237494;32,91250920399387;23,177137586856368;19,839871770670054
2024/12/12 13:13:15;899,3726474278545;34,87538274479813;32,876725106757405;23,97605878105586;20,081270761156226
2024/12/12 13:13:16;899,2974238875878;34,444434412246316;32,59826378885258;23,644882821572338;20,767433317610063
2024/12/12 13:13:17;899,2974238875878;34,55558572498599;32,76548150074135;23,67100103496342;20,568383821012098
2024/12/12 13:13:18;899,3726474278545;34,65136304884504;32,97841629899469;23,796190232722076;20,2923537963194
2024/12/12 13:13:19;899,2974238875878;34,51771998488425;33,42263248298818;21,89413984226465;19,81169644719346
2024/12/12 13:13:20;899,2222129296647;34,93561542359602;32,859383269615144;23,54098789219367;19,939911556055073
2024/12/12 13:13:21;899,1470145509282;34,67925060950758;32,3163901735265;23,514841102118883;20,209875048406296
2024/12/12 13:13:22;899,2222129296647;34,76008495527638;33,05442002659728;23,090186448044978;20,22842694583836
2024/12/12 13:13:23;899,2222129296647;34,28042154075665;32,81957146586982;23,024417767778658;20,692029175326475
2024/12/12 13:13:24;899,3726474278545;34,86850480493897;32,72682746199726;24,423161726871705;20,512966022824365
2024/12/12 13:13:25;899,4478835536221;34,58991422540066;32,439900293837205;23,851908328866774;20,60422610771628
2024/12/12 13:13:26;899,3726474278545;35,03846679558008;33,47263974555889;22,805144857394748;20,75950690826463
2024/12/12 13:13:27;899,4478835536221;34,91845836453034;33,0593399539348;23,48726510233118;19,586640871200878
2024/12/12 13:13:28;899,52313226805;34,72956458397997;33,25316649394565;23,216295567007847;20,742066046674505
2024/12/12 13:13:29;899,5983935742972;34,63120715085967;33,0102569283194;23,560760919594014;20,556616308206873
2024/12/12 13:13:30;899,7489539748954;34,64079596366578;32,69613208016044;23,52611353540197;20,90440016305853
2024/12/12 13:13:31;899,8242530755712;34,63931979661858;32,63394918043464;23,282278734812547;20,50479800908249
2024/12/12 13:13:32;899,673667475525;34,89324939590348;33,08425321500356;23,386984506892443;20,531895016859675
2024/12/12 13:13:33;899,5983935742972;34,6464335284446;32,988036395285896;23,25911846636124;19,931512006535094
2024/12/12 13:13:34;899,5983935742972;34,548934738476724;32,7249130417587;22,924475454060676;20,595656003269855
2024/12/12 13:13:35;899,52313226805;34,718926631530245;33,291451706613394;23,003233958719616;19,94498925154273
2024/12/12 13:13:36;899,673667475525;34,68157395562448;32,87067191620008;22,74511073718056;20,347052029983352
2024/12/12 13:13:37;899,52313226805;34,41934212808371;33,09586182924139;22,425274654374352;20,213632413900253
2024/12/12 13:13:38;899,52313226805;34,416367296238235;33,016579864393776;22,910414939352705;20,52183996240263
2024/12/12 13:13:39;899,5983935742972;34,9253112631721;33,56288070922467;22,35648902949244;20,63951817670549
2024/12/12 13:13:40;899,52313226805;34,62570540155247;32,774136873617586;22,497946568247077;20,438092432797013
2024/12/12 13:13:41;899,4478835536221;35,00693492622364;32,8759009163962;22,910010291224022;20,43427218316329
2024/12/12 13:13:42;899,2222129296647;34,77160682089858;33,27183494565716;23,116183462251396;19,724168069929796
2024/12/12 13:13:43;899,2222129296647;34,476319523983186;32,398422801004166;23,335961199190127;20,549857873575206
2024/12/12 13:13:44;899,2974238875878;34,54386783461754;32,92637929568031;22,848614163305914;21,102229651166745
2024/12/12 13:13:45;899,2974238875878;34,41857355685194;32,64233812370582;23,274596599654693;20,117317151161142
2024/12/12 13:13:46;899,2974238875878;34,8106697326799;32,58051195220394;22,950147659581045;19,808241151819374
2024/12/12 13:13:47;899,3726474278545;34,46934747813556;33,29263302229408;22,835394519403554;19,945119733856426
2024/12/12 13:13:48;899,1470145509282;34,82095400083532;32,85584841435287;23,136417060308194;20,658360353697734
2024/12/12 13:13:49;896,3734889537307;34,87971550807968;32,912462746478596;21,862686419224747;18,724023697543117
2024/12/12 13:13:50;889,6979726934215;35,334905306793225;33,06824875849229;20,56324866118785;18,533931382961356
2024/12/12 13:13:51;879,41513256408;35,295401929268;32,30023288147616;21,281050950491085;17,6983604602552
2024/12/12 13:13:52;867,2366510727537;34,66097844869855;32,652332222109344;20,523676320037985;16,323140087408017
2024/12/12 13:13:53;854,6481766820751;34,36888943893551;33,21582561919558;19,22877248190985;17,163818658216965
2024/12/12 13:13:54;842,5316455696203;34,32387309916028;32,487734011932474;21,054303829864015;17,032792837527772
2024/12/12 13:13:55;830,4774579936783;34,04535155799538;32,311915017193584;21,602780898132835;17,837198024279232
2024/12/12 13:13:56;818,9816049053586;33,862072566076364;32,06116949131798;22,741784394696737;17,98214893409421
2024/12/12 13:13:57;807,7669902912621;33,28928861584745;32,01391876064075;22,50100381326322;17,435664106445724
2024/12/12 13:13:58;796,9560705638187;33,13839760934827;32,681903730544725;21,81408552301515;16,930575270855417
2024/12/12 13:13:59;786,7508963633259;33,12556307046393;31,560589809881066;24,532117819189413;19,058010624655243
2024/12/12 13:14:00;777,0002529297699;32,453639981790566;32,05217896335854;23,962733666273255;18,601852329717953
2024/12/12 13:14:01;767,4883411059294;32,23247829236542;31,892095403650504;24,595755132827552;19,33847269390391
2024/12/12 13:14:02;758,3312762280918;32,262997851799675;32,104399758776644;23,766779967320023;19,64831966877033
2024/12/12 13:14:03;749,8003017662198;32,19813670359648;31,442615460693798;25,17187560001265;19,212210865476916
2024/12/12 13:14:04;741,4320193081255;32,238860195802765;31,79025273353461;25,051130169006267;20,532754792964646
2024/12/12 13:14:05;733,269681451263;32,04110315487528;31,100383519270796;25,804580749954063;20,7862332303096
2024/12/12 13:14:06;725,4615714899098;31,743778353579305;31,537728410530224;25,12429777588771;20,63568069662405
2024/12/12 13:14:07;718,0010198878124;31,56046002755863;31,759113713645196;24,867264720371896;20,5844747663718
2024/12/12 13:14:08;710,6923529906621;31,713013947127305;31,650519118069802;25,386038757707926;20,81064547576152
2024/12/12 13:14:09;704,264099037139;31,751279027615244;31,376489667100373;26,473997329503895;21,06762576092689
2024/12/12 13:14:10;697,8934324659232;31,595338230642017;31,03810820700742;27,15627939806508;21,4523186537898
2024/12/12 13:14:11;691,3822735084705;31,41031226924989;30,862010949669127;26,68500530795793;22,138201908387302
2024/12/12 13:14:12;685,3471354631448;31,495649657814607;31,23924564690165;26,291176204678;21,44277269736719
2024/12/12 13:14:13;679,7061686874945;31,264058249208194;30,9972059057957;27,39153375692546;22,15338889148922
2024/12/12 13:14:14;673,9529317909852;31,29028983559854;31,35319878781952;26,81771494188889;21,43482992574245
2024/12/12 13:14:15;668,4073107049608;31,11275511221744;30,710128898599;27,93314353754683;22,619462736131727
2024/12/12 13:14:16;663,1551679475002;31,045432713154884;30,9666378992602;27,224471300650627;21,936763144114042
2024/12/12 13:14:17;658,3797685383626;31,214603930250696;30,913800726779648;27,145678806218427;22,945545032016618
2024/12/12 13:14:18;653,5057862491491;31,297022846553215;30,909809637902764;27,809576477645845;23,12514048896544
2024/12/12 13:14:19;649,0750305192976;31,044753073855695;30,969202986920134;27,955356874924306;23,64025451807261
2024/12/12 13:14:20;644,890419010832;30,760848291771094;30,58257593515635;28,829460484370536;24,12526063134961
2024/12/12 13:14:21;640,5872049378597;30,917149427663713;30,831721584226067;27,652311872231802;22,8622543411638
2024/12/12 13:14:22;636,698599852616;30,997811985720798;30,76075322719309;27,822931389113474;21,664243681691865
2024/12/12 13:14:23;632,9322564694247;31,185496776550554;30,905572963830974;27,779279345999175;22,926918881550467
2024/12/12 13:14:24;628,9411186635002;30,89391777675787;31,06754288795968;27,990169006391945;23,403446986635174
2024/12/12 13:14:25;625,5203619909503;31,09988008159872;31,081011418183195;27,95205185108797;22,180776670854257
2024/12/12 13:14:26;622,1422142214223;30,84303130000046;30,526957746000644;28,87588409729236;23,96114978901753
2024/12/12 13:14:27;618,8557614826752;30,95432572654509;30,855223978314417;28,67732594039857;23,35508555323834
2024/12/12 13:14:28;615,713522180652;30,926696340485517;30,569168334112558;28,64195012278867;24,1002950082362
2024/12/12 13:14:29;612,7659574468086;30,732816177859384;30,66947341491312;28,761591016173707;23,367492346959764
2024/12/12 13:14:30;609,7926775474195;30,75310247751537;30,690495177273224;28,239952748511186;23,452341955775815
2024/12/12 13:14:31;607,1146245059289;30,7340510055212;30,382470359983976;29,20518737905207;24,266458634425767
2024/12/12 13:14:32;604,5128563932133;30,790309918483178;30,65929440489221;28,812173729458284;24,272726121716666
2024/12/12 13:14:33;601,8808777429466;30,696808621382804;30,752281039461437;28,98303346014434;23,662795624065428
2024/12/12 13:14:34;599,375650364204;30,628571669538715;30,583764336774866;28,75007647973163;23,90039460950007
2024/12/12 13:14:35;596,9427411693582;30,55696723720662;30,922699207996125;28,049101630242248;23,52537059752932
2024/12/12 13:14:36;594,7853024696669;30,45317141120853;30,550207148004738;29,17002916880331;24,351292836474475
2024/12/12 13:14:37;592,4402159938287;30,529452440879993;30,67485558817662;28,437138218169896;24,71865678808602
2024/12/12 13:14:38;590,315142198309;30,461843930763607;30,544440410777344;28,923946746994677;24,59005359176031
2024/12/12 13:14:39;588,2553191489362;30,505066776367624;31,013316571069552;28,312498810437603;23,63308363791156
2024/12/12 13:14:40;586,2595419847329;30,392696970177326;30,548643882596664;28,89952966312832;25,055402814513762
2024/12/12 13:14:41;584,419290402359;30,403723087930643;30,767946570315683;28,09810939202703;24,44163896607087
2024/12/12 13:14:42;582,7993254637437;30,409706878249917;30,565524015297285;28,92900776404292;24,714873532388285
2024/12/12 13:14:43;580,986803395814;30,401195211863282;30,53152518617291;28,924234039087903;23,780795938891842
2024/12/12 13:14:44;579,4586437800622;30,458764520937727;30,458385482304102;28,584589714476607;24,460406169148786
2024/12/12 13:14:45;578,0230807827396;30,55577782921261;30,458782059563255;28,726820940929535;24,168910683449994
2024/12/12 13:14:46;576,4804003336113;30,347113589383678;30,51896792668719;29,030407049494183;25,016385057147506
2024/12/12 13:14:47;575,0655185323849;30,359868130429817;30,25374934471247;29,5895451181836;24,87706196460172
2024/12/12 13:14:48;573,7528015273513;30,34630265845368;30,2199570193463;29,510773688326612;25,594169828976966
2024/12/12 13:14:49;572,3334885887285;30,525286457362693;30,7750995422981;28,454287396839504;24,32617003852575
2024/12/12 13:14:50;571,0508922670191;30,487852974364575;30,549514545561824;29,09120157314757;24,721795917268896
2024/12/12 13:14:51;569,8386199220923;30,363405228977488;30,577202840036044;29,173605878325848;24,90594881504024
2024/12/12 13:14:52;568,7484571710689;30,482057409458257;30,476021048507487;29,364367987232892;24,654451378510604
2024/12/12 13:14:53;567,4178056889546;30,366309945629915;30,68725397766784;28,675754443444273;24,242438657078953
2024/12/12 13:14:54;566,4180939113332;30,343651889847607;30,476209366918333;29,028975020645916;24,959835947897126
2024/12/12 13:14:55;565,2773944245101;30,434079165909008;30,55529947947754;28,88603599294783;24,684297667222733
2024/12/12 13:14:56;564,2448979591837;30,473404320181924;30,532826893570505;28,598960376381797;23,63610333701817
2024/12/12 13:14:57;563,2046933724447;30,390136543938233;30,341678480388957;29,184138737327704;24,85759049353166
2024/12/12 13:14:58;562,3283909939594;30,39253770808725;30,353177390121964;29,467502070541872;25,335565513231156
2024/12/12 13:14:59;561,540336339264;30,42734193826937;30,26628477578403;29,284641570416504;24,903670405525123
2024/12/12 13:15:00;560,5839416058395;30,510842040332793;30,499388312466476;29,57795584215423;24,045697546341465
2024/12/12 13:15:01;559,7667638483964;30,34797510795741;30,365933615032873;29,63035063299577;25,785585395290653
2024/12/12 13:15:02;559,042381106438;30,43730953814395;30,467220565775676;29,582179842413794;25,49996415879262
2024/12/12 13:15:03;558,139534883721;30,45658175087827;30,38272013053009;29,087460457190396;25,053178868751157
2024/12/12 13:15:04;557,4811723074131;30,33108175042744;30,44371898030645;29,729666793193214;25,84795999292018
2024/12/12 13:15:05;556,6561971490698;30,583173188454055;30,602575875257962;28,565660458825246;24,16435633291338
2024/12/12 13:15:06;555,9677857207491;30,470093949318102;30,535879984853683;29,473841976887638;24,876834535147832
2024/12/12 13:15:07;555,4651478166531;30,641486002017206;30,71829616112633;28,75733712420195;24,119187067291055
2024/12/12 13:15:08;554,8631807098348;30,416601246681985;30,691930806582295;28,674317017130303;23,895848435683956
2024/12/12 13:15:09;554,2458503728651;30,403479924732462;30,572630885899034;28,844369904397027;25,10050241831738
2024/12/12 13:15:10;553,6132636511084;30,368413413908954;30,44576557311605;28,786993524827757;24,732504084172266
2024/12/12 13:15:11;553,0650823656495;30,565210835033856;30,495294157634834;28,826769796491007;24,758706567826405
2024/12/12 13:15:12;552,468303210143;30,605614702860315;30,557980186895204;29,244727167409852;24,837680606592198
2024/12/12 13:15:13;552,0215633423181;30,54368853087758;30,63506518752447;29,452773119050093;25,207733915241334
2024/12/12 13:15:14;551,4160351017152;30,533006142098454;30,421979055102334;29,521687172676998;25,22508307058818
2024/12/12 13:15:15;551,0313901345291;30,649203266029758;30,90595441339323;28,64010211319876;24,088047611648925
2024/12/12 13:15:16;550,488307499328;30,60568119375695;30,570672093452416;29,292391392530597;24,710616541145267
2024/12/12 13:15:17;550,1432664756446;30,44139724097365;30,697244730836015;29,267680629834338;24,674108773052225
2024/12/12 13:15:18;549,8478611061392;30,649615028188833;30,556113443531252;29,29429669767221;24,350766538860665
2024/12/12 13:15:19;549,5036222162597;30,60117407717537;30,6088058198634;29,22902756543149;24,607483562807356
2024/12/12 13:15:20;549,0071485305798;30,66368561920488;30,748878912613904;29,2041024041361;24,485691305644178
2024/12/12 13:15:21;548,6694052509376;30,459887366785342;30,55545434540387;29,61671356148095;25,416801906738147
2024/12/12 13:15:22;548,3755801499464;30,778255509856965;30,679953077123592;28,69884314416551;24,188207271662506
2024/12/12 13:15:23;547,9354320877553;30,585429316321758;30,456342007110013;29,46265801926649;25,1442095889577
2024/12/12 13:15:24;547,691210554466;30,715050459289085;30,807982295968777;28,900784084030274;24,23209771766033
2024/12/12 13:15:25;547,2034200213752;30,71496100094917;30,80529975518214;29,174289389102693;24,37888545595581
2024/12/12 13:15:26;546,9598504406658;30,517666773521153;30,697655687228544;29,136971941023837;25,098474129316834
2024/12/12 13:15:27;546,5219711795055;30,69895980480026;30,663959592711144;28,934755426511824;24,2672403970468
2024/12/12 13:15:28;546,2736110013436;30,646708216595172;30,68863824852379;29,135131703719797;24,887700005969
2024/12/12 13:15:29;545,9877366035723;30,77047703734706;30,765758262968657;28,794758231915324;24,525958114085206
2024/12/12 13:15:30;545,7452478237698;30,650239781659803;30,834098289047123;28,757756347714444;25,07945397867461
2024/12/12 13:15:31;545,4061251664448;30,727633605531597;30,774481107438543;29,06897721493594;25,084356988413507
2024/12/12 13:15:32;545,3093103754327;30,886528201846964;30,807739285707736;28,83500706436722;24,16427666741725
2024/12/12 13:15:33;544,9223946784922;30,74875561416418;30,680493206691924;29,194535067367994;24,51016670316054
2024/12/12 13:15:34;544,6808510638298;30,622791490321475;30,777418044290485;29,275804414643265;25,56761397787941
2024/12/12 13:15:35;544,3912812333865;30,748263075905673;30,783969282589236;28,555639481008267;24,617855078060423
2024/12/12 13:15:36;544,1984056687334;30,78886697105791;30,856268729358714;29,20792246924675;24,192806712578367
2024/12/12 13:15:37;543,9093484419263;30,656419894752652;30,95587803849165;28,761009482665276;24,451411577462032
2024/12/12 13:15:38;543,6687018847889;30,692062784278686;30,746193420694155;29,123856830296063;25,405739509268518
2024/12/12 13:15:39;543,4282681761896;30,862726378555866;30,868875031295904;29,584769779796627;24,822162904014455
2024/12/12 13:15:40;543,2360742705571;30,820243063760827;31,034452213260302;28,961884328891564;24,00798792530541
2024/12/12 13:15:41;542,9693637077769;30,617456861265193;30,543436458053343;29,079088283340532;25,891174725338672
2024/12/12 13:15:42;542,756183745583;30,75529437110575;30,857950060027058;28,823832079899844;24,361831641648894
2024/12/12 13:15:43;542,5644648534087;30,702749337515222;30,81841410359317;28,764978593979226;25,103819684796047
2024/12/12 13:15:44;542,4686561892989;30,659711336830217;30,57366771137755;29,328108271230246;25,521212436679992
2024/12/12 13:15:45;542,3728813559322;30,69172810469138;30,931097865827688;28,897454753915486;24,71581975633534
2024/12/12 13:15:46;542,2292824993381;30,947201962853033;30,829785563195852;28,71020951788727;24,500051261043957
2024/12/12 13:15:47;542,0379355977062;30,679167563000725;30,68991012530766;29,397517902731472;25,026693972089337
2024/12/12 13:15:48;542,0379355977062;30,722444191038583;30,72007819214394;29,574356609160564;25,50543690723924
2024/12/12 13:15:49;541,8945140236373;30,79673940518657;31,026111966157615;28,281763824654654;24,08739655519828
2024/12/12 13:15:50;541,7511683273079;30,721411301387278;30,885956568611366;29,198127585800016;24,977521510665568
2024/12/12 13:15:51;541,5124272871496;30,822504221971556;30,927085494722338;28,617328951081014;24,85161261668952
2024/12/12 13:15:52;541,3215859030837;30,85918263012408;30,962329949855476;28,53239080591115;24,37713328748743
2024/12/12 13:15:53;541,2262156448203;30,949868758737335;30,880626005255866;28,807571803371935;24,25560485530147
2024/12/12 13:15:54;541,0832232496698;31,01307046318159;30,90336811952924;28,734875374855783;24,209768362092728
2024/12/12 13:15:55;540,9879369551819;31,059726796377625;30,822236811941032;28,908726954267046;24,3994543376064
2024/12/12 13:15:56;540,8926842151598;30,754580356541062;30,97488547738547;29,08998823556444;24,965376664670234
2024/12/12 13:15:57;540,7498679809892;30,824301425487107;30,968253673924934;28,854872074682326;25,0144274625395
2024/12/12 13:15:58;540,6071271447427;30,86354383126554;31,068162304352327;28,85124780854614;24,201128275326308
2024/12/12 13:15:59;540,5595636107689;30,996171196509692;30,92763684569949;28,89917971282293;23,825684354947512
2024/12/12 13:16:00;540,4169232122438;30,938342536813405;31,04002122998765;28,947874175024207;24,949145201922587
2024/12/12 13:16:01;540,3218714273152;30,940051402904277;30,95560592123185;28,467034659893812;24,828625666484374
2024/12/12 13:16:02;540,2268530730678;30,8294776505941;31,177503440810842;28,51834599497038;24,57910728640511
2024/12/12 13:16:03;540,0369165860948;31,089890030637395;31,009769826477196;28,428444075123515;24,04717121152881
2024/12/12 13:16:04;540,084388185654;30,913319190765687;31,079720652340693;29,107212268956278;24,725351543145525
2024/12/12 13:16:05;539,9894533309897;30,95614546563278;31,080339183976257;28,74223358412309;24,28916071343203
2024/12/12 13:16:06;539,9894533309897;30,99020743906883;31,04163650282076;28,887361114889142;24,214628535700527
2024/12/12 13:16:07;539,8471136104033;30,774664566246617;30,94834486302578;28,969581595814912;24,527610410833145
2024/12/12 13:16:08;539,6574440052701;30,89593150398359;30,963710209077828;28,644635265888287;24,3364089327252
2024/12/12 13:16:09;539,6100474266643;30,841698646884232;31,033396610678857;28,73856769731616;24,139859806985985
2024/12/12 13:16:10;539,5152792413066;31,002145444111353;30,92927258601233;28,964411613805236;24,256807366322526
2024/12/12 13:16:11;539,4205443371378;31,04052539693083;31,237016546392898;28,206073783827993;24,48441822102442
2024/12/12 13:16:12;539,4679076301694;31,01371675458807;31,162547210334903;28,42766808850381;23,782204658023247
2024/12/12 13:16:13;539,3731893600211;30,91449065931722;31,228894661316335;28,563987635471108;24,504153117681874
2024/12/12 13:16:14;539,3258426966293;30,806310791756236;30,89054653175443;28,857820671251602;24,66688963116175
2024/12/12 13:16:15;539,2311743022644;30,991380642788677;31,193568103518633;28,841235829121807;24,391178977180886
2024/12/12 13:16:16;539,2311743022644;30,90051177967924;30,910561754516788;28,66861049242721;24,675790711756743
2024/12/12 13:16:17;539,0892340089497;31,02966950062052;31,09146221951019;28,540083385963843;24,36168488395187
2024/12/12 13:16:18;538,9473684210526;30,872420307005946;31,105291245257312;28,74844144082935;24,253443116455276
2024/12/12 13:16:19;538,9000964827646;30,853163272929496;30,936354434244492;28,78988786937621;24,722367669058197
2024/12/12 13:16:20;538,8055774796106;31,073043711708493;31,11050826227962;28,44547049328104;24,28389271353019
2024/12/12 13:16:21;538,7583304103823;30,98375447251752;31,117942180776904;28,63437956424244;23,59901665982659
2024/12/12 13:16:22;538,8528328363444;30,988164395089637;31,104695077089495;29,190263510027055;24,68806078861653
2024/12/12 13:16:23;538,6638611257233;30,964671609360543;31,00669824599971;28,900483266154506;24,586616371980362
2024/12/12 13:16:24;538,7110916264796;31,2056301543532;31,266490866919266;28,1957747671241;23,618238470756204
2024/12/12 13:16:25;538,5694249649368;31,051056631546846;31,172666611535995;28,881601515185253;24,6905275925163
2024/12/12 13:16:26;538,4278327929192;31,042426517591203;31,320817740765367;28,361034941748542;24,067674592736747
2024/12/12 13:16:27;538,4278327929192;31,10301867731132;31,071847733304747;29,05140643998586;24,44026790751711
2024/12/12 13:16:28;538,4278327929192;31,122437411265718;31,212698252368483;28,753393164935424;23,49777252940631
2024/12/12 13:16:29;538,3806519453207;30,844728766202277;30,89931093306466;29,317780588028057;24,58356166960396
2024/12/12 13:16:30;538,3806519453207;31,03210155704761;31,353849997157532;29,044010390847212;23,451922879957394
2024/12/12 13:16:31;538,2391590013141;30,931060618662773;31,01378109563669;29,22720727098091;24,68471352075898
2024/12/12 13:16:32;538,2391590013141;31,01021607360918;31,171165305214505;28,640607882498802;24,199577485684735
2024/12/12 13:16:33;538,1920112123336;31,139168028955595;31,286197886487514;28,403301870174687;24,20728248913148
2024/12/12 13:16:34;538,1920112123336;30,844570032354547;31,131524167524095;28,500859356471846;24,453868559164867
2024/12/12 13:16:35;538,1381381381382;31,006821552876286;31,042072346517326;29,14371137335508;24,653928909951787
2024/12/12 13:16:36;538,0977404098792;30,926322154876676;31,17021690873997;28,47045449539125;24,622285551088662
2024/12/12 13:16:37;538,0506173920659;31,10076730554427;31,059288654102907;28,749965931906136;24,424654608950668
2024/12/12 13:16:38;538,0977404098792;31,124695913194806;31,296539947752162;28,437398978646794;23,66536033728144
2024/12/12 13:16:39;538,0977404098792;31,037439245372276;31,03091592136077;29,17478143638944;24,69989169335558
2024/12/12 13:16:40;538,0506173920659;31,12209933785047;31,113138521229995;28,919666205158858;24,45903384549618
2024/12/12 13:16:41;538,0506173920659;30,95308280352696;31,192510900450323;28,453143541061564;24,273301222687618
2024/12/12 13:16:42;538,1448716825786;30,996833059791353;31,187834125671575;28,977378440574224;23,940958023388728
2024/12/12 13:16:43;538,0977404098792;30,91158271985784;31,23657665264284;28,360952239490032;23,796111907833904
2024/12/12 13:16:44;538,0506173920659;31,05110355105426;30,983409423703772;28,80180708958666;24,742840019406877
2024/12/12 13:16:45;538,0035026269702;31,04133677664012;31,022333618930947;28,843326634751403;24,46262500882063
2024/12/12 13:16:46;538,0035026269702;31,101913126834674;31,10466577684345;28,913953531839592;24,463543901650166
2024/12/12 13:16:47;538,0506173920659;31,160154610141863;31,228794743816053;29,23225429961422;24,676773604025247
2024/12/12 13:16:48;538,0506173920659;31,01573381400982;30,989627810458874;29,313408115005494;24,818691166481194
2024/12/12 13:16:49;538,0506173920659;31,09374904358296;31,306587647279702;28,75478245537737;23,934425763120622
2024/12/12 13:16:50;538,0035026269702;31,10671675682532;31,09195096624151;28,355381259862895;24,20622543613787
2024/12/12 13:16:51;537,8622078263153;31,195633137723885;31,29222707639812;28,346362146188582;23,833830665584493
2024/12/12 13:16:52;537,8151260504202;30,922280637917694;31,148639509041825;28,537067212369728;25,234373963491144
2024/12/12 13:16:53;537,7680525164113;31,07034550699744;30,976707397244095;29,093806865833066;24,764122869099864
2024/12/12 13:16:54;537,8151260504202;31,031522902305042;31,222336238758164;28,558857985283844;24,237414351833856
2024/12/12 13:16:55;537,7680525164113;31,120600581975367;31,421688796976547;28,368280432028897;24,046263706359237
2024/12/12 13:16:56;537,8151260504202;31,011529037105706;31,454330538212446;28,230691707479753;23,795901643182166
2024/12/12 13:16:57;537,6739301653978;31,071472546921772;31,219643998922148;28,40421980314787;23,958100255003213
2024/12/12 13:16:58;537,6739301653978;31,10142832487076;31,186045544568262;28,586148782208763;24,292609323673357
2024/12/12 13:16:59;537,6268813440672;31,03920868788265;31,352608496185855;28,687829306476047;24,53459927123793
2024/12/12 13:17:00;537,6268813440672;31,06204380764028;31,269006624915324;28,553830024675996;23,696816275209724
2024/12/12 13:17:01;537,6268813440672;31,092574026059346;31,308198279416967;28,62563351306402;24,234083908005356
2024/12/12 13:17:02;537,5798407559716;31,187141452136107;31,49825714585596;28,17537776006863;23,526722576612926
2024/12/12 13:17:03;537,5328083989501;31,20358202881987;31,399339989443977;28,53871387762043;24,110580774715704
2024/12/12 13:17:04;537,5462453754624;31,16023322804436;31,334044059533984;28,906291737744215;24,660282924350586
2024/12/12 13:17:05;537,4857842708425;31,110097863534612;31,1538432697158;28,262412520364187;24,022071732769323
2024/12/12 13:17:06;537,4387683694893;31,063461271873994;31,185400863049377;28,69307953143164;24,863483436524245
2024/12/12 13:17:07;537,4387683694893;31,150971214219776;31,16719573648068;28,77931392832896;24,488801328273418
2024/12/12 13:17:08;537,3917606927316;31,13902493833517;31,21692383167929;28,635856600178986;24,143640778867713
2024/12/12 13:17:09;537,5328083989501;31,266665913906678;31,44820188998221;28,406555528476602;24,20380249588139
2024/12/12 13:17:10;537,5328083989501;31,244048686968625;31,432743124752086;28,228848079710865;23,781181623037938
2024/12/12 13:17:11;537,5328083989501;31,361118754634326;31,421440109127555;28,47559104778954;23,702895569461276
2024/12/12 13:17:12;537,4857842708425;31,292777784526425;31,339348132878932;28,83485257597892;24,0866087506432
2024/12/12 13:17:13;537,5328083989501;31,283600832819005;31,39574954818902;28,39264058931556;24,149399825761794
2024/12/12 13:17:14;537,4857842708425;31,176071456644806;31,270455649029135;28,335790446621544;24,088264697912454
2024/12/12 13:17:15;537,3447612384117;31,24899089083133;31,462701155006016;28,145299287096893;23,815754354246057
2024/12/12 13:17:16;537,4387683694893;31,228741844098693;31,295157739864518;28,870097411414218;24,053083389406936
2024/12/12 13:17:17;537,3447612384117;31,16810840931138;31,25966029997023;28,65633886502983;24,20026165654473
2024/12/12 13:17:18;537,4857842708425;31,195375767877017;31,406089510305062;28,61915628891823;23,862511902008514
2024/12/12 13:17:19;537,3917606927316;31,215561148550755;31,388203335189765;28,219321847746393;23,91441665597256
2024/12/12 13:17:20;537,3447612384117;31,33408606652392;31,43824279319414;28,707401245414285;24,129819108830013
2024/12/12 13:17:21;537,3447612384117;31,13103823662876;31,217548477535935;28,857908946825873;24,427054128359124
2024/12/12 13:17:22;537,3917606927316;31,381193170438337;31,286378257402294;28,946349711423796;23,829323943423773
2024/12/12 13:17:23;537,3447612384117;31,234218245352036;31,398708152304945;28,573958905916278;23,46945741001724
2024/12/12 13:17:24;537,2507869884575;31,28036915713031;31,332879463670174;28,881456817174353;24,416580592877324
2024/12/12 13:17:25;537,3447612384117;31,312368044495663;31,48155238335312;28,58073385905899;23,833404342758215
2024/12/12 13:17:26;537,4387683694893;31,429160011530225;31,394927872914504;28,72160871289686;23,99004572475874
2024/12/12 13:17:27;537,6;31,280052777462835;31,33205130894448;28,745562572961;24,06481340261693
2024/12/12 13:17:28;537,4857842708425;31,37987779496793;31,1988173686403;28,97591289375901;23,76401774773258
2024/12/12 13:17:29;537,4857842708425;31,38592053118397;31,4316497786876;28,807410284462268;23,936219396868584
2024/12/12 13:17:30;537,4857842708425;31,301535223892873;31,336467746139228;29,059426963914007;24,508883775708238
2024/12/12 13:17:31;537,4387683694893;31,415483947660327;31,4340627816035;28,116516434126982;23,69057719042047
2024/12/12 13:17:32;537,3917606927316;31,357729250016995;31,597432020818328;28,176590806192912;23,31171810788216
2024/12/12 13:17:33;537,3917606927316;31,252425919761745;31,339919865210923;28,78369665922737;23,713373366720205
2024/12/12 13:17:34;537,2977700043726;31,428291483537723;31,463709785129513;28,347480230048568;23,930159622289295
2024/12/12 13:17:35;537,2507869884575;31,34684235006911;31,515524198291416;28,264254736163995;23,71235648225978
2024/12/12 13:17:36;537,2977700043726;31,28034984741227;31,421201093279603;28,450823222950177;23,91660482252604
2024/12/12 13:17:37;537,3447612384117;31,424316194872215;31,6017397257335;28,186155610070447;23,92429906310563
2024/12/12 13:17:38;537,3447612384117;31,416755517184775;31,443681850896077;28,48277085582103;23,55649948468024
2024/12/12 13:17:39;537,2977700043726;31,54959353358278;31,343780586308476;28,74891453970985;23,419013763933116
2024/12/12 13:17:40;537,3447612384117;31,30159317468224;31,362783411944342;28,144067453301282;24,089500479266135
2024/12/12 13:17:41;537,2507869884575;31,27582876306017;31,36393330313318;28,420702052301824;24,422572008989498
2024/12/12 13:17:42;537,3447612384117;31,35913906948951;31,279763290494905;28,71115965275736;24,295802149484324
2024/12/12 13:17:43;537,2977700043726;31,39166583359615;31,588881508941054;28,051072797357776;23,37679474567434
2024/12/12 13:17:44;537,4857842708425;31,444224200687334;31,62213466384935;28,156923165159263;23,830263376730116
2024/12/12 13:17:45;537,3917606927316;31,43998164280158;31,420661577392725;28,34192068628974;23,644729335959525
2024/12/12 13:17:46;537,4387683694893;31,383666968056293;31,5604977285808;28,574917386480365;24,078615001701422
2024/12/12 13:17:47;537,3447612384117;31,284279174229283;31,484144916137808;28,330788948877352;24,277906724283653
2024/12/12 13:17:48;537,3447612384117;31,41404885665775;31,395320072475094;28,180448276369493;24,005115365552765
2024/12/12 13:17:49;537,3917606927316;31,472833833120305;31,554363799480992;28,15601753657377;23,76925206309519
2024/12/12 13:17:50;537,3850459816074;31,379732722466553;31,48805100047806;28,599810139987664;24,10449668581706
2024/12/12 13:17:51;537,4387683694893;31,383753502171423;31,324343680317668;28,727355173611894;24,160025820786625
2024/12/12 13:17:52;537,3917606927316;31,547817868358564;31,577702415155358;28,797208370159588;23,624408213523324
2024/12/12 13:17:53;537,4387683694893;31,46139944353039;31,633955058678154;28,298176403669526;23,780701003536272
2024/12/12 13:17:54;537,3917606927316;31,35106783520322;31,452208326118328;28,93190074057722;23,597867393896458
2024/12/12 13:17:55;537,4857842708425;31,663514073985166;31,43598492646346;28,182483228602784;24,080035256307678
2024/12/12 13:17:56;537,4857842708425;31,369066730482388;31,51322358001793;28,229120246761354;23,42386166190817
2024/12/12 13:17:57;537,4387683694893;31,442243260708487;31,431852335116915;29,19435713429576;24,858264665814247
2024/12/12 13:17:58;537,3917606927316;31,381475247529064;31,386282278574377;28,569433629849698;23,94934546296164
2024/12/12 13:17:59;537,4387683694893;31,525341270751078;31,616019061244184;28,278645562829485;23,37488943687505
2024/12/12 13:18:00;537,3917606927316;31,403710837430765;31,459658035810012;28,513956828768055;23,823474751079466
2024/12/12 13:18:01;537,4857842708425;31,527356794421518;31,541483113958343;28,572602179316583;23,81728103630225
2024/12/12 13:18:02;537,5798407559716;31,473962854065455;31,579056109100964;28,180704290173814;23,498846020490507
2024/12/12 13:18:03;537,5328083989501;31,488968409361668;31,531672633292963;28,555911588344763;23,412036960615865
2024/12/12 13:18:04;537,5328083989501;31,46704789980811;31,451646069769396;28,366272804818152;23,68367247861595
2024/12/12 13:18:05;537,6268813440672;31,57401150638951;31,730863897763108;28,54145043933887;23,16661645506158
2024/12/12 13:18:06;537,4857842708425;31,428312055092302;31,389080823983615;28,819944437450957;24,15116531533863
2024/12/12 13:18:07;537,6268813440672;31,59697240897514;31,616960311708468;28,215516056544907;23,71032761994877
2024/12/12 13:18:08;537,6739301653978;31,338251973419435;31,4576842124645;27,987775770927705;23,691841563297125
2024/12/12 13:18:09;537,6739301653978;31,479631872560525;31,541104907992143;28,691977401593913;24,16680019146771
2024/12/12 13:18:10;537,5798407559716;31,524051339713925;31,451826480499385;28,73576675817642;24,314456448562318
2024/12/12 13:18:11;537,5798407559716;31,52359919839819;31,5682203593896;28,57316030316935;23,983464120442314
2024/12/12 13:18:12;537,5328083989501;31,459817425703672;31,402156904815286;28,39883761332451;24,133222026835604
2024/12/12 13:18:13;537,4387683694893;31,542456739190268;31,7307919239403;27,897299939650978;23,279610295691693
2024/12/12 13:18:14;537,3850459816074;31,49833164005165;31,602853706076043;28,453116088207747;23,790633249406685
2024/12/12 13:18:15;537,4857842708425;31,618059882653466;31,671261614459933;28,33679402058985;24,037718918723964
2024/12/12 13:18:16;537,3447612384117;31,643168045956074;31,517971540492262;28,65600277711341;24,1826361438358
2024/12/12 13:18:17;537,4387683694893;31,640234998876196;31,55945227402929;28,42822334231801;23,436016535672632
2024/12/12 13:18:18;537,3447612384117;31,474048032272183;31,618963857349602;28,23162048306508;23,870833724656606
2024/12/12 13:18:19;537,2507869884575;31,66219895505769;31,556417993630426;28,348476407379152;23,310189486204102
2024/12/12 13:18:20;537,3447612384117;31,522224752638976;31,492387658075124;28,515408461411674;23,58314732403021
2024/12/12 13:18:21;537,2977700043726;31,508551868995337;31,749344403470634;28,051684141393185;24,01255005276853
2024/12/12 13:18:22;537,3447612384117;31,599417330776607;31,733859609961993;28,62976537275395;23,50391130399879
2024/12/12 13:18:23;537,2507869884575;31,55800512390318;31,51430759353671;28,275906707696663;23,834958747771616
2024/12/12 13:18:24;537,2038121885109;31,62122766449184;31,790911872751664;28,030655637496114;23,493809573727134
2024/12/12 13:18:25;537,3917606927316;31,615237872713806;31,55099343020258;28,408021758137657;23,700428812727516
2024/12/12 13:18:26;537,3447612384117;31,513139414025012;31,4579748101429;28,73156286895784;23,98887444918955
2024/12/12 13:18:27;537,3447612384117;31,570013390282348;31,69907705745491;28,04335342191651;24,357931744318297
2024/12/12 13:18:28;537,2507869884575;31,593842304844607;31,772793135748827;28,283885515478005;23,500926781718324
2024/12/12 13:18:29;537,3447612384117;31,60733109594495;31,668550846406326;28,793434265965658;23,811124635213115
2024/12/12 13:18:30;537,3447612384117;31,781014105432895;31,67219761278607;28,18176521480272;23,48769268750815
2024/12/12 13:18:31;537,3447612384117;31,45949058552572;31,649408408965392;28,297559307448374;24,282265149814762
2024/12/12 13:18:32;537,3447612384117;31,544882200904304;31,407433381570307;28,907245963046364;23,85146885393677
2024/12/12 13:18:33;537,2977700043726;31,459588154399718;31,65979336787515;28,034169846957305;23,458884415927706
2024/12/12 13:18:34;537,3917606927316;31,631680703214283;31,707466388890467;27,92846725520153;23,06195731816512
2024/12/12 13:18:35;537,3447612384117;31,633285637920153;31,553229075363397;28,75775521539171;24,23912898274834
2024/12/12 13:18:36;537,2507869884575;31,60683242617832;31,527517347388326;28,3175208772205;23,850552491733584
2024/12/12 13:18:37;537,2776334199481;31,699755194909606;31,72423925192204;28,45487847028076;23,540204201544753
2024/12/12 13:18:38;537,2507869884575;31,627115197236588;31,56128261325197;28,547594860909975;23,917270256819236
2024/12/12 13:18:39;537,1568456023781;31,584898182712735;31,70648207009116;28,311126035773412;24,369625400932932
2024/12/12 13:18:40;537,2507869884575;31,657884306965048;31,808986849800693;27,997776097433952;23,657496586340837
2024/12/12 13:18:41;537,2977700043726;31,528771473741106;31,711222821757957;28,758166238197802;24,070588707232428
2024/12/12 13:18:42;537,1098872279046;31,79772424987799;31,8034406158973;27,914232088900757;23,493208644965268
2024/12/12 13:18:43;537,1568456023781;31,670920435606476;31,67538489389583;28,76785157143692;24,079130635049964
2024/12/12 13:18:44;537,062937062937;31,660782068921378;31,764617446179493;28,555385101315245;23,87240497896095
2024/12/12 13:18:45;537,062937062937;31,69806627759762;31,60186638219138;27,771700413755234;23,599434384519707
2024/12/12 13:18:46;537,1098872279046;31,624696492863663;31,734096465319205;28,04417834992778;23,26153640262636
2024/12/12 13:18:47;537,1568456023781;31,623237084866155;31,670475967719828;28,176627095844275;22,8299444806586
2024/12/12 13:18:48;537,015995105323;31,566728316770828;31,753521572651533;28,44399071655636;23,739705525846322
2024/12/12 13:18:49;536,8752184550857;31,70094540343453;31,810164951274913;28,383593198917005;23,883366667494276
2024/12/12 13:18:50;536,6876310272536;31,628389446313918;31,575030220964052;28,387888650619672;23,70713302446491
2024/12/12 13:18:51;536,6407546510612;31,615534795491357;31,552160926853784;28,579451912967027;23,94243021341751
2024/12/12 13:18:52;536,3128491620112;31,6994450091368;31,642988884730165;28,50401213126433;23,884519540503277
2024/12/12 13:18:53;536,0788761888142;31,64157124943616;31,849396280104635;28,433612981303423;23,702231553952576
2024/12/12 13:18:54;535,8918447448757;31,757706386113306;31,63882569654367;28,31895217261526;23,462209790437463
2024/12/12 13:18:55;535,5648535564853;31,784114303211158;31,586466241772694;28,641108877178674;24,202770908595767
2024/12/12 13:18:56;535,238261172576;31,73446467650005;31,66742540138813;28,432045221284934;24,068465013224646
2024/12/12 13:18:57;534,8189415041783;31,666045002379573;31,55262846038379;28,216637368185026;23,941781560976523
2024/12/12 13:18:58;534,4002783334782;31,719988929231135;31,593961647634686;28,7658484653968;24,24806360122925
2024/12/12 13:18:59;533,9822701199373;31,841219950668066;31,674109471906096;28,391155579261685;23,5940017334879
2024/12/12 13:19:00;533,6112558624283;31,69675559836478;31,769147908426724;28,418130980832366;24,481744805128336
2024/12/12 13:19:01;533,0557001561687;31,67894859623564;31,879117673194887;28,624007595055687;24,213688712828834
2024/12/12 13:19:02;532,4551520929024;31,72037184916261;31,819792096431357;28,235712171550396;23,430217878671986
2024/12/12 13:19:03;531,8099195014281;31,81170891729287;31,8932998061361;27,909259135274716;23,277951111519172
2024/12/12 13:19:04;531,1203319502074;31,80046478102008;31,792216481690673;28,697666811879756;23,700603045959863
2024/12/12 13:19:05;530,3867403314918;31,789099289849084;31,713902095005274;28,70736911476834;23,523416989361653
2024/12/12 13:19:06;529,4269711331323;31,833523315641067;31,86744773653028;27,753529425710955;23,294062672078653
2024/12/12 13:19:07;528,2434872323962;31,73780381847633;31,71586694917053;28,391169901954292;23,68077115759297
2024/12/12 13:19:08;526,7941352996656;31,915323173653707;31,79112062157789;28,100974262670952;23,07126204977437
2024/12/12 13:19:09;524,9038872276806;31,83468663827818;31,870329818225816;28,067578405002735;23,551149978990537
2024/12/12 13:19:10;522,4997570220625;31,822418672744778;31,927259011879023;27,552351720795084;22,855830290926285
2024/12/12 13:19:11;519,533231861999;31,83868257738672;31,686764272911837;28,008564627819098;23,875276093882245
2024/12/12 13:19:12;515,4856649726722;32,02206737223549;31,573836679745366;28,221833352006367;23,598663771432367
2024/12/12 13:19:13;510,341390480937;32,17373697688803;32,05662430459945;26,2018317777935;22,511225052142013
2024/12/12 13:19:14;503,93700787401576;32,295919363977056;32,01284047260832;26,069346342174104;23,152174557289282
2024/12/12 13:19:15;496,16409593797954;32,263745408506765;31,99968168022742;26,06393195259716;21,673676511527137
2024/12/12 13:19:16;487,66328011611034;32,002597332951254;31,931253565404692;26,931107447980416;24,342891301591838
2024/12/12 13:19:17;479,18709332382565;32,03971319889147;31,831533502103248;27,11820962576453;24,12592961088189
2024/12/12 13:19:18;470,6294318480259;32,04268993737637;31,583298577320868;27,5876647849276;25,53523855708749
2024/12/12 13:19:19;462,60415620921594;32,22839563760416;31,657855113816712;28,41703343910581;25,143655500646364
2024/12/12 13:19:20;454,7069271758437;31,917504115761226;31,321354692481254;28,53887778818785;26,847247990582957
2024/12/12 13:19:21;446,98806867785424;31,859946753485218;31,211521930100748;29,434710691647748;26,38054398061004
2024/12/12 13:19:22;439,25157284091836;32,05220614767993;31,38691525938222;28,836485509973784;25,83755199128786
2024/12/12 13:19:23;431,82457126792247;31,721212659101685;31,17123971144605;28,753353212094613;27,25825107681654
2024/12/12 13:19:24;424,89626556016594;31,834728625777487;31,151315070615624;28,57520477867973;26,081512775585583
2024/12/12 13:19:25;418,03501769028395;31,821324712993164;31,123218835536715;28,50931341712328;26,192922529000686
2024/12/12 13:19:26;411,3551151580075;31,86352103853793;31,09729305372237;28,972927398926117;26,804803796637955
2024/12/12 13:19:27;404,77863668306395;31,698715528952803;31,05365900743084;28,813924073517267;27,253982098022092
2024/12/12 13:19:28;398,671096345515;31,73719460504976;31,019536819724756;28,608104080025505;26,937803398610225
2024/12/12 13:19:29;392,73843006903604;31,655154636737873;30,9788858669245;28,51138747685474;26,65505675358857
2024/12/12 13:19:30;386,78485092667205;31,89211140856998;30,979593111095607;29,47916287870087;26,528017215141357
2024/12/12 13:19:31;380,95238095238096;31,596433191217958;30,670315525973688;29,24456192144973;27,205612827511306
2024/12/12 13:19:32;375,1831949193943;31,750616500322202;30,830742035387175;29,434778611705912;26,40560491881352
2024/12/12 13:19:33;369,97783986896616;31,664128088400112;30,983680443080466;29,102757631003595;26,13693564993149
2024/12/12 13:19:34;364,741641337386;31,726433096890666;30,822700598705588;29,27388649597877;26,11101003016759
2024/12/12 13:19:35;359,68527538403896;31,67822727311846;30,82604197914004;28,314681891241214;26,923381224328573
2024/12/12 13:19:36;354,60337981346385;31,507353271758046;30,514174940355332;29,01365071074422;27,449446850264138
2024/12/12 13:19:37;349,56759217114245;31,512805261093426;30,65733919059761;29,183631000497975;26,911018364387125
2024/12/12 13:19:38;344,6109665260702;31,557463110889454;30,680468833493524;29,23482659121966;27,041676263072578
2024/12/12 13:19:39;340,1240035429584;31,53853958356163;30,780601363549952;28,956126321703596;26,53083862699871
2024/12/12 13:19:40;335,75238261781936;31,55914515962874;30,588744406760703;29,184139712512632;27,11553172528041
2024/12/12 13:19:41;331,3915857605178;31,62883698608715;30,74820039863176;28,93248434769068;26,143287351482478
2024/12/12 13:19:42;327,0033211274802;31,489522792172455;30,555994270108993;28,97830517050658;27,300655012640654
2024/12/12 13:19:43;322,7568816978357;31,493854303369446;30,549777384396524;29,266058671391047;27,250209571207428
2024/12/12 13:19:44;318,8706663898692;31,4617923254281;30,600165175162886;29,161538375730665;26,892859929839652
2024/12/12 13:19:45;314,7283009589378;31,441024543180987;30,534796248763023;29,414555283087168;26,871254851650566
2024/12/12 13:19:46;310,5539830165791;31,410844387658116;30,527637405523077;29,486682420295278;27,015279596820996
2024/12/12 13:19:47;306,80115849395787;31,4249688748159;30,427156646186024;29,261806146495623;26,96765291252636
2024/12/12 13:19:48;303,10804144055254;31,496965690474912;30,54316759486438;28,94375712945662;27,011637088750227
2024/12/12 13:19:49;299,5027785902311;31,354276354969436;30,625290585689005;29,108400682864804;26,808930470428987
2024/12/12 13:19:50;295,8682461716267;31,394872379423227;30,43928888287279;29,274959544821275;27,318411611566095
2024/12/12 13:19:51;292,2374429223744;31,385619119020102;30,271578409299256;29,549128894847513;27,28686570140174
2024/12/12 13:19:52;288,69467155342545;31,430185132651218;30,436236758543018;29,509874574841284;27,385766881262583
2024/12/12 13:19:53;285,5018587360595;31,315839196580857;30,347784942393336;29,629788040531253;27,36057237872089
2024/12/12 13:19:54;282,32699200441135;31,356730980841075;30,241137564070687;29,638455018177545;27,598722385999697
2024/12/12 13:19:55;278,91774105683675;31,287304550416906;30,39701477304798;29,885747275846793;27,237752436362882
2024/12/12 13:19:56;275,82904345744043;31,312659647205077;30,328092620718007;29,368813422805758;27,093090925521448
2024/12/12 13:19:57;272,7757059136921;31,181937880977415;30,24653181203019;29,69726556681767;27,934572670849043
2024/12/12 13:19:58;269,7260594708499;31,239747973814804;30,19232613863342;29,81155695135997;27,846417693106158
2024/12/12 13:19:59;266,7361292003126;31,233709614149063;30,232502417476045;29,781492114221653;27,427272440061056
2024/12/12 13:20:00;263,73626373626377;31,163857145959458;30,252895182189917;29,759777478671523;27,64422937672049
2024/12/12 13:20:01;260,71458881439366;31,143858305107596;30,16773506360169;29,824160540193866;27,676314927734985
2024/12/12 13:20:02;257,74695156057726;31,18652367371541;30,171967226372345;29,996611537640007;27,48527532214034
2024/12/12 13:20:03;255,23429710867396;31,262970344799857;30,192478764842253;29,459198087518814;26,967857549993358
2024/12/12 13:20:04;252,6315789473684;31,16314795390491;30,08050644648725;29,55876937036098;27,92568387494532
2024/12/12 13:20:05;250,00000000000003;31,133839380389713;29,316097337900633;29,71923855416577;27,48083566731438
2024/12/12 13:20:06;246,46983311938382;30,86148387044971;29,064533469769053;29,80996921505122;27,647451744630395
2024/12/12 13:20:07;236,7690884801151;30,5974591585386;28,380894415807546;29,01433053198731;27,995931845054532
2024/12/12 13:20:08;223,4506837358161;30,454902996117397;28,79305263978718;29,928313403067584;28,225430845163114
